run_id,epoch,train_loss,val_loss,val_cer
CNN_32ch_63hz_100pct_20260312_101144,148,1.260490191479524,4.048464434487479,84.48544120915759
CNN_32ch_63hz_100pct_20260312_101144,149,1.2670371780792873,4.048062290464129,84.46321404756613
CNN_32ch_63hz_100pct_20260312_101144,150,1.2501889844735463,4.048086030142648,84.46321404756613
